,username,followers,followees,is_business,business_category,post_url,caption,hashtags,likes,comments,location,date_utc,img_type
0,hongkongpalacemuseum,19502,31,True,None,https://scontent-dfw5-2.cdninstagram.com/v/t51.2885-15/287327286_165313809306044_2371233897598629561_n.jpg?stp=dst-jpg_e15&efg=eyJ2ZW5jb2RlX3RhZyI6ImltYWdlX3VybGdlbi4xMDgweDgxMy5zZHIifQ&_nc_ht=scontent-dfw5-2.cdninstagram.com&_nc_cat=108&_nc_ohc=I-VrUKwsTRQAX8lcyMY&edm=ALQROFkBAAAA&ccb=7-5&ig_cache_key=Mjg1OTU2NTM3NDE1NzM0NzE1MQ%3D%3D.2-ccb7-5&oh=00_AfASaClA5vCgbY0GaK6NaJTWz0qUoIjtGjeafNtlNVxtAw&oe=65531AC5&_nc_sid=fc8dfb,"é¦™æ¸¯æ•…å®®æ–‡åŒ–åšç‰©é¤¨å°‡å±•å‡ºä¹ç™¾å¤šä»¶çè²´çš„æ•…å®®æ–‡ç‰©ï¼ŒåŒ…æ‹¬å¾æœªå…¬é–‹å±•å‡ºçš„è—å“ï¼Œé€éä¹å€‹å±•å»³å¤šè§’åº¦å‘ˆç¾ä¸­è¯æ–‡åŒ–ç‘°å¯¶ã€‚åšç‰©é¤¨æ›´è¨­æœ‰å¤šåª’é«”è¨­æ–½å’Œäº’å‹•è£ç½®ï¼Œä¸¦å®šæœŸèˆ‰è¾¦å¤šå…ƒåŒ–çš„å­¸ç¿’å’Œæ–‡å¨›æ´»å‹•ï¼Œå¸¶ä¾†å¶„æ–°çš„æ–‡åŒ–é«”é©—ã€‚æ­¡è¿è¿½è¹¤æœ¬å°ˆé ï¼Œæ¢ç´¢æ›´å¤šä¸­åœ‹è—è¡“åŠæ–‡åŒ–çŸ¥è­˜å’Œäº†è§£åˆ°è¨ªè³‡è¨Šã€‚

The Hong Kong Palace Museum presents over 900 cultural treasures from the Palace Museum, some of which have never been shown to the public before. These gems of Chinese culture are curated into nine thematic exhibitions. To complete this new cultural destination, the Museum is also home to multimedia installations, learning programmes and cultural activities. Follow us to dive into Chinese art and culture and find out the latest information for visitors.",[],1306,2,,2022-06-13 07:52:58,GraphImage
1,hongkongpalacemuseum,19502,31,True,None,https://scontent-dfw5-1.cdninstagram.com/v/t51.2885-15/346008340_1418045345712477_5794314685026643945_n.jpg?stp=dst-jpg_e35&efg=eyJ2ZW5jb2RlX3RhZyI6ImltYWdlX3VybGdlbi4xNDQweDE0NDAuc2RyIn0&_nc_ht=scontent-dfw5-1.cdninstagram.com&_nc_cat=109&_nc_ohc=NaS0bvQpaF0AX9vTey_&edm=ALQROFkBAAAA&ccb=7-5&ig_cache_key=MzEwMDc5ODU0OTcwNTM3MjQ2OQ%3D%3D.2-ccb7-5&oh=00_AfAVnlE2CkfRWYu9QMTiIR0CYCkaJThf42YycQpblNaaVA&oe=6553CBF5&_nc_sid=fc8dfb,"æ¯è¦ªç¯€è¡¨é”æ„›æ„å¥½é»å­ Make your mother feel special on Motherâ€™s Day

æ¯è¦ªç¯€å°‡è‡³ï¼Œå¤§å®¶æº–å‚™äº†ç”šéº¼ç¦®ç‰©é€çµ¦åª½åª½ï¼Ÿé‚„æ²’æƒ³å¥½çš„è©±ï¼Œä¸å¦¨åƒè€ƒå±•å“ä¸­çš„å­©å­ï¼Œå‘åª½åª½é€ä¸Šé®®èŠ±ï¼Œæˆ–è«‹å¥¹å¤§åƒä¸€é “ï¼Œéƒ½æ˜¯è¡¨é”å¿ƒæ„çš„å¥½é¸æ“‡ã€‚æˆ‘å€‘äº¦æ¨è–¦ä½ å¸¶åª½åª½ä¾†é¦™æ¸¯æ•…å®®æ–‡åŒ–åšç‰©é¤¨åƒè§€ï¼Œäº«å—æ‚ é–’çš„ä¸€å¤©ï¼

é ç¥å¤§å®¶æ¯è¦ªç¯€å¿«æ¨‚ï¼é–€ç¥¨ç¾æ­£ç™¼å”®ï¼Œç«‹å³è³¼ç¥¨ï¼šhkpm.org.hk/tc

Motherâ€™s Day is just around the corner. Are you looking for the perfect way to make your mum feel special? If you are stuck for ideas, you might find inspiration in the images on the object shown below. How about bringing her a bouquet of her favourite flowers or treating her to some delicacies? Of course, inviting her for an enjoyable day out at the Hong Kong Palace Museum is also an ideal itinerary for this special day!

Wishing you all a happy Motherâ€™s Day!
Tickets are now available at hkpm.org.hk/en

é–‹å…‰èŠ±å‰äººç‰©ç´‹åŸ·å£º ï¼Œæ¸… ä¹¾éš†ï¼ˆ1736â€“1795å¹´ï¼‰ï¼Œå±•å»³1
Ewer with figures and flowers in a cartouche, Qing dynasty, Qianlong period (1736â€“1795), Gallery 1

Â© æ•…å®®åšç‰©é™¢ The Palace Museum

#é¦™æ¸¯æ•…å®®æ–‡åŒ–åšç‰©é¤¨ #éŠå¤ä»Šæ­·ç„¡ç•Œ #æ¯è¦ªç¯€å¿«æ¨‚ #HongKongPalaceMuseum #HKPM #TimelessBoundless #VisitHKPM #HappyMothersDay","['é¦™æ¸¯æ•…å®®æ–‡åŒ–åšç‰©é¤¨', 'éŠå¤ä»Šæ­·ç„¡ç•Œ', 'æ¯è¦ªç¯€å¿«æ¨‚', 'hongkongpalacemuseum', 'hkpm', 'timelessboundless', 'visithkpm', 'happymothersday']",1154,2,,2023-05-12 04:00:13,GraphImage
2,hongkongpalacemuseum,19502,31,True,None,https://scontent-dfw5-2.cdninstagram.com/v/t51.2885-15/299967347_151131960870746_2616881892994923197_n.jpg?stp=dst-jpg_e35_s1080x1080&_nc_ht=scontent-dfw5-2.cdninstagram.com&_nc_cat=102&_nc_ohc=CARZUkk_vHMAX813tk5&edm=APU89FABAAAA&ccb=7-5&oh=00_AfCk0ta__1l0S0rLQIQaCt-EJ_teLgcGpr0uW0BU8hkL-A&oe=65530EB4&_nc_sid=bc0c2c,"ã€#æ¢ç´¢é¦™æ¸¯æ•…å®®ã€‘åšç‰©é¤¨åƒè§€å°è²¼å£« 

æš¢éŠé¦™æ¸¯æ•…å®®æ™‚ï¼Œè¨˜å¾—æ¨å·±åŠäººï¼Œè¬¹è¨˜ä»¥ä¸‹å°è²¼å£«ï¼Œè®“å¤§å®¶å®‰å…¨å’Œæ„‰å¿«åœ°åƒè§€å±•è¦½ã€‚ 

â¤ï¸ æ„›è­·å±•å“åŠå ´åœ°è¨­æ–½ï¼Œè«‹å‹¿è§¸ç¢°æˆ–æ‹æ‰“å±•æ«ƒ 
ğŸ² å±•å»³å…§è«‹å‹¿é£²é£Ÿï¼›åƒè§€å±•è¦½å‰å¾Œåˆ°æˆ‘å€‘çš„é¤å»³äº«ç”¨ç¾é£Ÿå§ 
ğŸ“· æ­¡è¿æ‹ç…§æ‰“å¡ï¼›ä½†è«‹å‹¿åœ¨å±•å»³ä½¿ç”¨é–ƒå…‰ç‡ˆã€è‡ªæ‹å™¨å’Œè…³æ¶ 
ğŸŒ‚è¼•é¬†æš¢éŠï¼Œè«‹å‹¿æ”œå¸¶å¤§å‹ç‰©å“åŠé•·å‚˜å…¥å ´ 
ğŸ¤« ç´°å¿ƒæ¬£è³å±•è¦½ï¼Œåƒè§€æ™‚æ”¾è¼•è…³æ­¥ï¼Œè¼•è²ç´°èª 
ğŸ“‹ åƒè§€æ™‚è«‹éµå®ˆè¦å‰‡ï¼Œè½å¾è·å“¡æŒ‡ç¤º 
ğŸ¤µ å¦‚æœ‰ä»»ä½•éœ€è¦ï¼Œè«‹èˆ‡é¤¨å…§è·å“¡è¯çµ¡ 

æŸ¥é–±å®Œæ•´åƒè§€é ˆçŸ¥ï¼šwk.org.hk/hkpmguidelinestc 

ã€#ExploreHKPMã€‘Tips for a better museum visit 

When youâ€™re visiting the Hong Kong Palace Museum, please follow these tips to ensure youâ€™re being considerate to your fellow visitors, so that everyone can enjoy a safe and pleasant time at the Museum: 

â¤ï¸ Take good care of the exhibits and facilities. Do not touch or tap on the display cases 
ğŸ² Do not eat or drink in the galleries! Try our restaurants before or after your visit 
ğŸ“· Welcome to take photos, but no flash photography, selfie sticks, monopods or tripods in the galleries 
ğŸŒ‚ Enjoy a light trip. Leave large items and long umbrellas at home 
ğŸ¤« Immerse yourself in the exhibitions. Slow down your pace and keep your voice down 
ğŸ“‹ Abide by the rules and follow the instructions of our staff 
ğŸ¤µ Contact our staff if you have any enquiries 

Read our visitor guidelines in full: wk.org.hk/hkpmguideliensen 

Â©ï¸ æ•…å®®åšç‰©é™¢ The Palace Museum 

#é¦™æ¸¯æ•…å®®æ–‡åŒ–åšç‰©é¤¨ #é¦™æ¸¯æ•…å®® #éŠå¤ä»Šæ­·ç„¡ç•Œ #HongKongPalaceMuseum #HKPM #TimelessBoundless #VisitHKPM #MPlusMuseum","['æ¢ç´¢é¦™æ¸¯æ•…å®®', 'explorehkpm', 'é¦™æ¸¯æ•…å®®æ–‡åŒ–åšç‰©é¤¨', 'é¦™æ¸¯æ•…å®®', 'éŠå¤ä»Šæ­·ç„¡ç•Œ', 'hongkongpalacemuseum', 'hkpm', 'timelessboundless', 'visithkpm', 'mplusmuseum']",995,19,,2022-08-19 04:11:15,GraphSidecar
3,hongkongpalacemuseum,19502,31,True,None,https://scontent-dfw5-2.cdninstagram.com/v/t39.30808-6/321385634_542570990886864_488807632775188540_n.jpg?stp=dst-jpg_e35_s1080x1080_sh0.08&_nc_ht=scontent-dfw5-2.cdninstagram.com&_nc_cat=100&_nc_ohc=ZkZpyBzD_3kAX8Fj_Jq&edm=APU89FAAAAAA&ccb=7-5&oh=00_AfBaUqIZL0311ab7HhtktO9pACmdgXfCfjNO50e80gqZaA&oe=6554AE0D&_nc_sid=bc0c2c,"æˆ‘å€‘ä»Šæ—©ï¼ˆ12æœˆ24æ—¥ï¼‰è¿æ¥6ä½åƒåŠ ã€Œé¦™æ¸¯åœ‹éš›ç¶²çƒæŒ‘æˆ°è³½2022ã€çš„ä¸–ç•Œç´šçƒæ˜Ÿï¼ŒåŒ…æ‹¬ä½›é‡ŒèŒ²ï¼ˆTaylor Fritzï¼‰ã€é´å¡æ–¯ï¼ˆHubert Hurkaczï¼‰ã€è«¾åˆ©ï¼ˆCameron Norrieï¼‰ã€è¯é€£å¡ï¼ˆStan Wawrinka)ã€å³æ˜“æ˜ºåŠé»ƒæ¾¤æ—ï¼Œç”±å‰¯é¤¨é•·ç‹ä¼Šæ‚ åšå£«å¸¶é ˜åƒè§€å°ˆé¡Œå±•è¦½ï¼Œäº†è§£ä¸­è¯æ–‡åŒ–ï¼Œä¸¦ç²é¤¨é•·å³å¿—è¯åšå£«é€è´ˆç´€å¿µå“ã€‚

Today (24 December), we welcomed six star players of the ""Hong Kong International Tennis Challenge 2022"", including Taylor Fritz, Hubert Hurkacz, Cameron Norrie, Stan Wawrinka, Wu Yibing and Coleman Wong. Guided by our Museum Deputy Director Dr Daisy Yiyou Wang, the players visited the thematic exhibitions and were presented souvenirs by our Museum Director Dr Louis Ng.

#é¦™æ¸¯æ•…å®®æ–‡åŒ–åšç‰©é¤¨ #HongKongPalaceMuseum #HKPM #VisitHKPM

@hktatennis #bocomhkitc #é¦™æ¸¯ç¶²çƒç¸½æœƒ #hkta
#HongKongInternationalTennisChallenge2022 #é¦™æ¸¯åœ‹éš›ç¶²çƒæŒ‘æˆ°è³½","['é¦™æ¸¯æ•…å®®æ–‡åŒ–åšç‰©é¤¨', 'hongkongpalacemuseum', 'hkpm', 'visithkpm', 'bocomhkitc', 'é¦™æ¸¯ç¶²çƒç¸½æœƒ', 'hkta', 'hongkonginternationaltennischallenge2022', 'é¦™æ¸¯åœ‹éš›ç¶²çƒæŒ‘æˆ°è³½']",923,7,é¦™æ¸¯æ•…å®®æ–‡åŒ–åšç‰©é¤¨ Hong Kong Palace Museum,2022-12-24 09:14:18,GraphSidecar
4,hongkongpalacemuseum,19502,31,True,None,https://scontent-dfw5-2.cdninstagram.com/v/t51.2885-15/327339801_193239903300764_7574831145460552786_n.jpg?stp=dst-jpg_e35&_nc_ht=scontent-dfw5-2.cdninstagram.com&_nc_cat=108&_nc_ohc=bJKvMKGEAcsAX_8b-j-&edm=APU89FABAAAA&ccb=7-5&oh=00_AfAIRKnvjNHIhxb0MidTtu4AJodOE6tkZ8AmG8K3nwRYpw&oe=6554AD29&_nc_sid=bc0c2c,"å‡æœŸå¾Œéºç—‡ Holiday hangover

æ–°å¹´å‡æœŸå’»ï½ä¸€è²å°±éå»äº†ï¼Œæ˜¯æ™‚å€™æ”¶æ‹¾å¿ƒæƒ…ä¸Šç­ä¸Šå­¸å»ï¼é¢å°ã€Œå•Ÿå¸‚ã€ï¼Œä½ çš„å¿ƒæƒ…è·Ÿä»¥ä¸‹çš„æ–‡ç‰©ä¸€æ¨£å—ï¼Ÿæƒ³è½‰æ›ä¸€ä¸‹å¿ƒæƒ…çš„è©±ï¼Œæ­¡è¿ä½ åˆ°è¨ªé¦™æ¸¯æ•…å®®æ–‡åŒ–åšç‰©é¤¨ï¼Œé™¤äº†èƒ½æ¬£è³ä¾†è‡ªæ•…å®®åšç‰©é™¢çš„çè²´æ–‡ç‰©ï¼Œæ›´å¯ä»¥åƒèˆ‡ä¸åŒå…¬çœ¾æ´»å‹•ï¼é–€ç¥¨ç¾æ­£ç™¼å”®ï¼Œç«‹å³è³¼ç¥¨ï¼šhkpm.org.hk/tc 

Time flies and the holiday season is over! Itâ€™s time to get ready for work or school again. Do any of the following artefacts reflect your post-holiday mood? Cheer yourself up in the new year with a visit to the Hong Kong Palace Museum and view priceless treasures from the Palace Museum, or join an array of public events! Tickets are now available at hkpm.org.hk/en

Â© æ•…å®®åšç‰©é™¢ The Palace Museum

#é¦™æ¸¯æ•…å®®æ–‡åŒ–åšç‰©é¤¨ #éŠå¤ä»Šæ­·ç„¡ç•Œ #HongKongPalaceMuseum #HKPM #TimelessBoundless #VisitHKPM","['é¦™æ¸¯æ•…å®®æ–‡åŒ–åšç‰©é¤¨', 'éŠå¤ä»Šæ­·ç„¡ç•Œ', 'hongkongpalacemuseum', 'hkpm', 'timelessboundless', 'visithkpm']",906,14,,2023-01-27 04:02:37,GraphSidecar
5,hongkongpalacemuseum,19502,31,True,None,https://scontent-dfw5-2.cdninstagram.com/v/t51.2885-15/313635816_448825533987698_4349501724654771079_n.jpg?stp=dst-jpg_e35_s1080x1080&_nc_ht=scontent-dfw5-2.cdninstagram.com&_nc_cat=102&_nc_ohc=Tu0fHkB8_JsAX_sY65_&edm=APU89FABAAAA&ccb=7-5&oh=00_AfCWCCKZ9uUAzo1yb_2B-3TxKYO-BJLpQ-ShAs9a-rA7vw&oe=65545164&_nc_sid=bc0c2c,"èµ°é€²åˆ—æ”¯æ•¦å£«ç™»ç‹å®¤è—è¡“æ®¿å ‚ Step into the art gallery of the House of Liechtenstein

ä¸–ç•Œä¸Šæœ€é‡è¦çš„ç§äººè—è¡“æ”¶è—ä¹‹ä¸€â€”â€”åˆ—æ”¯æ•¦å£«ç™»ç‹å®¤è—è¡“çè—å°‡é¦–æ¬¡ä¾†æ¸¯ï¼Œæ–¼å…¨æ–°ç‰¹åˆ¥å±•è¦½ã€Œè—è‹‘å°‹çâ€”â€”åˆ—æ”¯æ•¦å£«ç™»ç‹å®¤æ”¶è—åå“ã€ä¸­äº®ç›¸ï¼Œå¸¶å¤§å®¶ç”¨çœ¼ç›èµ°è¶Ÿæ­æ´²è—è¡“ä¹‹æ—…ï¼

å±•è¦½ä»¥8å€‹éƒ¨åˆ†å‘ˆç¾é€¾120ä»¶çå“ï¼Œç”±åˆ—æ”¯æ•¦å£«ç™»å®®æ®¿å‡ºç™¼ï¼Œé€éäº”ä½è¦ªç‹é¢¨æ ¼å„ç•°çš„çè—ï¼Œæ¢ç©¶ç‹å®¤çš„è—è¡“æ”¶è—å²ã€‚ä¸èƒ½éŒ¯éå·´æ´›å…‹è—è¡“å¤§å¸«é­¯æœ¬æ–¯åŠå‡¡ï¼æˆ´å…‹çš„36å¹…ç¶“å…¸å‚‘ä½œï¼ŒåŒ…æ‹¬ã€Šé¦¬çˆ¾æ–¯èˆ‡é›·äºï¼è¥¿çˆ¾ç¶­äºã€‹å’Œã€Šç‘ªåˆ©äºï¼å¾·ï¼å¡”è¥¿æ–¯åƒã€‹ç­‰ï¼Œæ˜¯é¦™æ¸¯æ­·å¹´ä¾†å°å…©ä½å¤§å¸«åä½œæœ€å¤§è¦æ¨¡çš„å±•ç¤ºã€‚

å±•è¦½äº¦æœƒä»‹ç´¹ç‹å®¤åœ’æ—å’Œæ™¯è§€çš„å»ºç¯‰ç‰¹è‰²ï¼Œä»¥åŠä¸­åœ‹æ–‡åŒ–å°æ­æ´²å»ºç¯‰çš„å½±éŸ¿ï¼›ä¸¦ä»‹ç´¹ç‹å®¤æ”¶è—å°è—è¡“å“çš„ä¿®å¾©ã€‚
å±•æœŸç”±2022å¹´11æœˆ9æ—¥è‡³2023å¹´2æœˆ20æ—¥ï¼ŒæŠŠæ¡æ©Ÿæœƒæ¬£è³åˆ—æ”¯æ•¦å£«ç™»ç‹å®¤å››ç™¾å¤šå¹´è—è¡“æ”¶è—ç²¾ç²¹ã€‚é–€ç¥¨ç¾æ­£ç™¼å”®ï¼Œç«‹å³è³¼ç¥¨ï¼šhkpm.org.hk/tc

One of the most important private art collections in the world, the Princely Collections of Liechtenstein will make their debut show in Hong Kong in a new special exhibition, â€œOdysseys of Art: Masterpieces Collected by the Princes of Liechtensteinâ€, featuring an impressive set of works that will transport you through centuries of European art history.

Divided into eight sections, this exhibition showcases over 120 priceless treasures from the Collections. Starting from the family palace, the exhibition revisits the collecting history of the family with five of the reigning princes of Liechtenstein. Among the Collectionsâ€™ crown jewels are the works by two distinguished Baroque painters, Peter Paul Rubens and Anthony van Dyck. A total of 36 major works, including ""Mars and Rhea Silvia"" and the ""Portrait of Maria de Tassis"", will be presented at the exhibition, making it the largest assemblage of such masterpieces in Hong Kong.

The exhibition will also introduce the architecture of the princely gardens and landscapes, examining the influence of Chinese art culture on European architecture, as well as the conservation and restoration efforts of the artworks by the Princely Collections. 

The special exhibition runs between 9 November 2022 and 20 February 2023. Seize this opportunity to view the priceless treasures of the Princely House of Liechtenstein spanning over four centuries. Tickets are now available at hkpm.org.hk/en

Â©ï¸ LIECHTENSTEIN. The Princely Collections, Vaduzâ€“Vienna

#é¦™æ¸¯æ•…å®®æ–‡åŒ–åšç‰©é¤¨ #éŠå¤ä»Šæ­·ç„¡ç•Œ #HongKongPalaceMuseum #HKPM #TimelessBoundless #VisitHKPM","['é¦™æ¸¯æ•…å®®æ–‡åŒ–åšç‰©é¤¨', 'éŠå¤ä»Šæ­·ç„¡ç•Œ', 'hongkongpalacemuseum', 'hkpm', 'timelessboundless', 'visithkpm']",888,0,,2022-11-01 10:06:43,GraphSidecar
6,hongkongpalacemuseum,19502,31,True,None,https://scontent-dfw5-1.cdninstagram.com/v/t51.2885-15/325779361_845430073355535_1404894307134656948_n.jpg?stp=dst-jpg_e35&efg=eyJ2ZW5jb2RlX3RhZyI6ImltYWdlX3VybGdlbi4xNDQweDk1OS5zZHIifQ&_nc_ht=scontent-dfw5-1.cdninstagram.com&_nc_cat=103&_nc_ohc=CeFVRwa24OcAX_ViNqO&edm=ALQROFkBAAAA&ccb=7-5&ig_cache_key=MzAxODE3ODAzNDA0Njc0MzIxMg%3D%3D.2-ccb7-5&oh=00_AfD_8X5sfAOhgroM64PwAego16lN-F7Tjo78RKfC58O_iw&oe=6554EB31&_nc_sid=fc8dfb,"ã€Œå…¨ã€éæ–°å¹´ç¥ç¦ A box filled with sweet blessings

åˆåˆ°è¾²æ›†æ–°å¹´äº†ï¼Œå®¶å®¶æˆ¶æˆ¶éƒ½æœƒæº–å‚™è±å¯Œçš„å…¨ç›’ï¼Œä¸¦æ”¾æ»¿å„å¼å„æ¨£çš„è³€å¹´å°é£ŸåŠç³–æœï¼Œå¯“æ„é›†åˆå„ç¨®å¥½é‹å’Œç¥ç¦ï¼Œç¥ˆæ±‚ä¾†å¹´é †åˆ©ã€‚

å…¨ç›’åŸæœ¬ç¨±ä½œã€Œæ”¢ç›’ã€ï¼Œã€Œæ”¢ã€æœ‰æ‹¼æ¹Šã€èšåˆçš„æ„æ€ã€‚é€™å€‹ã€Œè“®æ‰˜å…«å‰ç¥¥ç´‹æ”¢ç›’ã€å…§æœ‰å°ç›¤èšæ”ï¼Œæ•…åæ”¢ç›’ï¼Œé€šå¸¸ç”¨ä»¥åˆ†è£ç³•é»ã€æœå“ã€å„ç¨®è‚‰é¡ã€äº”è¾›æˆ–å…¶ä»–é£Ÿå“ã€‚æ­¤ç›’çš„è“‹é¢ç¹ªæœ‰ä½›æ•™ä¸­è±¡å¾µå‰ç¥¥çš„å…«ä»¶å¯¶ç‰©ï¼Œç›’å…§ä¸­å¤®æœ‰ä¸€å€‹åœ“å½¢ç›¤ï¼Œå››å‘¨ä»¥å…«å€‹æ‰‡å½¢ç›¤åœç¹ã€‚èˆ‡é€ è¾¦è™•è£½ä½œçš„ç•«çºç‘¯ç›¸æ¯”ï¼Œæ­¤ç›’çš„å¤©è—è‰²é‡‰è¼ƒç‚ºæ·±æ²‰ã€‚

ä½ çš„æ”¢ç›’æ”¾äº†ç”šéº¼é›¶é£Ÿå’Œç³–æœï¼Ÿç•™è¨€èˆ‡æˆ‘å€‘åˆ†äº«ï¼Œé½Šé½Šå¤§é£½ã€Œå£ç¦ã€ï¼Œéå€‹è‚¥å¹´ï¼

Itâ€™s time to celebrate Chinese New Year! A â€œchuen hupâ€ (candy box) full of lucky snacks is one of the most common features of every household, a symbol that invites fortune and prosperity into the coming year.

â€œChuen hupâ€ used to be called â€œzan hupâ€, which means â€œcoming togetherâ€ or â€œtogethernessâ€. The multiple interior segments inside this â€œBox with bats, lotus scrolls and Eight Buddhist Treasuresâ€ were usually used to store sweets, fruits, various types of meat, five pungent spices, or other food. The Eight Buddhist Treasures on the lid are auspicious symbols. In the interior are eight fan-shaped containers surrounding one central circular container. The sky-blue glaze is visibly darker than other similar boxes made in the Qing court.

What have you packed in your candy box? Tell us in the comments below and letâ€™s dip into some treats!

è“®æ‰˜å…«å‰ç¥¥ç´‹æ”¢ç›’ï¼Œæ¸…ä¸­æœŸï¼ˆ1736â€“1850å¹´ï¼‰ï¼Œå±•å»³5
Box with bats, lotus scrolls and Eight Buddhist Treasures, Qing dynasty, 18th or 19th century, Gallery 5 

Â© æ•…å®®åšç‰©é™¢ The Palace Museum

#é¦™æ¸¯æ•…å®®æ–‡åŒ–åšç‰©é¤¨ #éŠå¤ä»Šæ­·ç„¡ç•Œ #æ–°å¹´å¿«æ¨‚ #HongKongPalaceMuseum #HKPM #TimelessBoundless #VisitHKPM #HappyCNY","['é¦™æ¸¯æ•…å®®æ–‡åŒ–åšç‰©é¤¨', 'éŠå¤ä»Šæ­·ç„¡ç•Œ', 'æ–°å¹´å¿«æ¨‚', 'hongkongpalacemuseum', 'hkpm', 'timelessboundless', 'visithkpm', 'happycny']",882,1,,2023-01-18 04:08:00,GraphImage
7,hongkongpalacemuseum,19502,31,True,None,https://scontent-dfw5-2.cdninstagram.com/v/t51.2885-15/379535032_279517544936972_6966698128179182990_n.jpg?stp=dst-jpg_e35_s1080x1080&_nc_ht=scontent-dfw5-2.cdninstagram.com&_nc_cat=108&_nc_ohc=IjLRKQ8ito0AX-Y8S-N&edm=APU89FABAAAA&ccb=7-5&oh=00_AfChEJenH6AB5o0LlP4ljMQqvHFUimyWRc1G5RVYr6jz0Q&oe=6554A38A&_nc_sid=bc0c2c,"ã€Œå‡è¦–ä¸‰æ˜Ÿå †ã€æ–‡ç‰©é–‹ç®±äº®ç›¸ Artefacts unveiled for the â€œGazing at Sanxingduiâ€ Special Exhibition
 
é¦™æ¸¯æ•…å®®æ–‡åŒ–åšç‰©é¤¨ã€å››å·å»£æ¼¢ä¸‰æ˜Ÿå †åšç‰©é¤¨å’Œæˆéƒ½é‡‘æ²™éºå€åšç‰©é¤¨ä¸»è¾¦ï¼Œå››å·çœæ–‡ç‰©è€ƒå¤ç ”ç©¶é™¢åŠæˆéƒ½æ–‡ç‰©è€ƒå¤ç ”ç©¶é™¢å”è¾¦ï¼Œä¸¦ç”±ä¸­åœ‹éŠ€è¡Œï¼ˆé¦™æ¸¯ï¼‰ç¨å®¶è´ŠåŠ©çš„ç‰¹åˆ¥å±•è¦½ã€Œå‡è¦–ä¸‰æ˜Ÿå †â”€â”€å››å·è€ƒå¤æ–°ç™¼ç¾ã€å°‡æ–¼æœ¬æœˆ27æ—¥å°å…¬è¡†é–‹æ”¾ã€‚
 
çè²´æ–‡ç‰©å·²å¾å››å·å»£æ¼¢ä¸‰æ˜Ÿå †åšç‰©é¤¨åŠæˆéƒ½é‡‘æ²™éºå€åšç‰©é¤¨å®‰å…¨é‹æŠµé¦™æ¸¯æ•…å®®æ–‡åŒ–åšç‰©é¤¨ã€‚å››å·çš„å¸ƒå±•åœ˜éšŠï¼Œé€£åŒé¦™æ¸¯æ•…å®®æ–‡åŒ–åšç‰©é¤¨å¸ƒå±•åœ˜éšŠå·²æ–¼åšç‰©é¤¨å±•å»³8é–‹ç®±ï¼Œä¸¦å°æ­¤æ‰¹çè²´æ–‡ç‰©é€²è¡Œé»äº¤ã€æª¢æŸ¥åŠå®‰è£ã€‚
 
ç‡å…ˆæ–¼åšç‰©é¤¨é–‹ç®±äº®ç›¸çš„å››ä»¶ä¾†è‡ªå…¬å…ƒå‰1300è‡³1100å¹´çš„çè²´æ–‡ç‰©ï¼ŒåŒ…æ‹¬ï¼š
 
â€¢ é’éŠ…äºŒè™Ÿç¥æ¨¹åº•åº§ï¼šåœ‹å®¶ä¸€ç´šæ–‡ç‰©å…¼æœ¬æ¬¡å±•è¦½å”¯ä¸€ä¸€ä»¶ç¥æ¨¹æ–‡ç‰©ï¼›

â€¢ éŠ…è™é ­é¾èº«åƒï¼š2020-2022å¹´å‡ºåœŸï¼Œä¸‰æ˜Ÿå †ç›®å‰æ‰€è¦‹æœ€é«˜çš„å‹•ç‰©é€ å‹é’éŠ…å™¨ä¹‹ä¸€ï¼›

â€¢ é‡‘é¢ç½©ï¼š2020-2022å¹´å‡ºåœŸï¼Œæœ¬æ¬¡å±•å‡ºæœ€å¤§çš„é‡‘é¢ç½©ï¼›

â€¢ é’éŠ…å¤§ç¥ç¸ï¼š2020-2022å¹´å‡ºåœŸï¼Œä¸‰æ˜Ÿå †è¿„ä»Šç™¼ç¾æœ€å¤§çš„é’éŠ…ç¥ç¸ã€‚
 
å±•è¦½å¸ƒå±•å·¥ä½œå·²é€²å…¥æœ€å¾Œéšæ®µï¼Œç´„120ä»¶çå“å°‡æ–¼9æœˆ27æ—¥èµ·åœ¨å±•å»³8èˆ‡ä½ è¦‹é¢ï¼å±•æœŸè‡³ä¸‹å¹´1æœˆ8æ—¥ã€‚9æœˆåŠ10æœˆä»½é–€ç¥¨ç¾æ­£ç™¼å”®ï¼Œç«‹å³è³¼ç¥¨ï¼šhkpm.org.hk/tc
 
Co-organised by the Hong Kong Palace Museum, the Sanxingdui Museum in Guanghan, and the Jinsha Site Museum in Chengdu and supported by the Sichuan Provincial Institute of Cultural Relics and Archaeology and the Chengdu Institute of Cultural Relics and Archaeology, and solely sponsored by Bank of China (Hong Kong), the special exhibition, â€œGazing at the Sanxingdui â€“ New Discoveries of Archaeology in Sichuanâ€, will be open to the public on 27 September. 

Priceless artefacts from the Sanxingdui Museum in Guanghan and Jinsha Site Museum in Chengdu have arrived at HKPM. Curators and conservators from Sichuan and HKPM are working closely together to perform condition checks before the installation of the treasures in Gallery 8.
 
The first four precious cultural relics to be unveiled at the HKPM include the following, all dating back 1300â€”1100 BCE:

â€¢ Stand of Tree No.2: a grade-one national treasure, the only bronze tree artefact in this exhibition

â€¢ Hybrid Tiger-Dragon Figure: unearthed between 2020 and 2022, one of the tallest animal-shaped figures excavated at Sanxingdui

â€¢ Gold Mask: unearthed between 2020 and 2022, the largest gold mask unearthed from Sanxingdui

â€¢ Grand Mythical Creature: unearthed between 2020 and 2022, the largest bronze figure excavated at Sanxingdui
 
The team are busy preparing to showcase approximately 120 extraordinary treasures for this Special Exhibition, which will be on view from 27 September to 8 January. September and October tickets are now available at hkpm.org.hk/en
 
#é¦™æ¸¯æ•…å®®æ–‡åŒ–åšç‰©é¤¨ #å‡è¦–ä¸‰æ˜Ÿå † #ä¸­éŠ€é¦™æ¸¯ #HongKongPalaceMuseum #HKPM #GazingatSanxingdui #BOCHK","['é¦™æ¸¯æ•…å®®æ–‡åŒ–åšç‰©é¤¨', 'å‡è¦–ä¸‰æ˜Ÿå †', 'ä¸­éŠ€é¦™æ¸¯', 'hongkongpalacemuseum', 'hkpm', 'gazingatsanxingdui', 'bochk']",842,8,,2023-09-19 06:00:42,GraphSidecar
8,hongkongpalacemuseum,19502,31,True,None,https://scontent-dfw5-2.cdninstagram.com/v/t51.2885-15/340006522_3351054288469900_1981442190940089835_n.jpg?stp=dst-jpg_e35&efg=eyJ2ZW5jb2RlX3RhZyI6ImltYWdlX3VybGdlbi4xMDgweDEwODAuc2RyIn0&_nc_ht=scontent-dfw5-2.cdninstagram.com&_nc_cat=104&_nc_ohc=uwUH-reZjMoAX9HKNVI&edm=ALQROFkBAAAA&ccb=7-5&ig_cache_key=MzA3NjE1NjExNTYwNDQ0Mjk1NQ%3D%3D.2-ccb7-5&oh=00_AfCu1RPQiMWUgp4Meuray9NMrLuZqxUEP07T31p8FSmW6w&oe=655495AF&_nc_sid=fc8dfb,"è§€è³ã€Œç™¾æ¨£ç²ç“â€”â€”å¡åœ°äºèˆ‡å¥³æ€§ã€ç‰¹å±•ï¼Œç´°å‘³ä¸‰ä½ç•¶ä»£æˆåŠŸå¥³æ€§æ”¶è—çš„å¡åœ°äºç å¯¶ A closer look at the Cartier treasures collected by three successful women 

ã€Œç™¾æ¨£ç²ç“â€”â€”å¡åœ°äºèˆ‡å¥³æ€§ã€ç‰¹åˆ¥å±•è¦½å°‡åœ¨ä¸‹æ˜ŸæœŸäº”ï¼ˆ4æœˆ14æ—¥ï¼‰é–ƒäº®é–‹å¹•ï¼æ˜¯æ¬¡å±•è¦½å°‡èšç„¦å¥³æ€§åœ¨å¡åœ°äºç™¼å±•å²ä¸­ç¨ç‰¹åœ°ä½å’Œå½±éŸ¿ï¼Œå…¶ä¸­ä¸€å€‹å±•å€å°‡å±•å‡ºä¾†è‡ªå¤šä½çŸ¥åå¥³æ€§çš„çè—ï¼Œç•¶ä¸­åŒ…æ‹¬è‘—åæ¼”å“¡æ—é’éœã€åŠ‰å˜‰ç²ï¼Œä»¥åŠå¥³ä¼æ¥­å®¶ä½•è¶…ç“Šæ”¶è—çš„å† å†•ç­‰çå“ã€‚

å±•æœŸç”±4æœˆ14æ—¥è‡³8æœˆ14æ—¥ï¼ŒæœŸå¾…ä½ ä¾†æ¢ç´¢å¡åœ°äºçå¯¶èˆ‡å¥³æ€§ä¹‹é–“çš„ç²¾å½©æ•…äº‹ï¼ç‰¹åˆ¥å±•è¦½é–€ç¥¨ç¾æ­£ç™¼å”®ï¼Œç«‹å³è³¼ç¥¨ï¼šhkpm.org.hk/tc

äº†è§£è©³æƒ…ï¼š https://cartierandwomen.hk/zh-cht/

The â€œCartier and Womenâ€ Special Exhibition debuts next Friday (14 April)! This exhibition explores the unique role and influence of women throughout Cartierâ€™s history. One of the thematic sections features the collections of renowned female icons including actresses Brigitte Lin and Carina Lau, and businesswoman Pansy Ho.  Come and view their tiaras and other precious pieces while uncovering intriguing stories between women and jewellery! 

The Special Exhibition runs from 14 April through 14 August. Tickets are now available on hkpm.org.hk/en

Learn more via https://cartierandwomen.hk/

#é¦™æ¸¯æ•…å®®æ–‡åŒ–åšç‰©é¤¨ #éŠå¤ä»Šæ­·ç„¡ç•Œ #ç™¾æ¨£ç²ç“ #HongKongPalaceMuseum #HKPM #TimelessBoundless #VisitHKPM #CartierAndWomen #CartierHK","['é¦™æ¸¯æ•…å®®æ–‡åŒ–åšç‰©é¤¨', 'éŠå¤ä»Šæ­·ç„¡ç•Œ', 'ç™¾æ¨£ç²ç“', 'hongkongpalacemuseum', 'hkpm', 'timelessboundless', 'visithkpm', 'cartierandwomen', 'cartierhk']",768,51,,2023-04-08 04:00:06,GraphImage
9,hongkongpalacemuseum,19502,31,True,None,https://scontent-dfw5-2.cdninstagram.com/v/t51.2885-15/296446487_1416482858860540_880542737182594095_n.jpg?stp=dst-jpg_e15_fr_s1080x1080&_nc_ht=scontent-dfw5-2.cdninstagram.com&_nc_cat=104&_nc_ohc=Zbm9VA3blmsAX862n31&edm=APU89FABAAAA&ccb=7-5&oh=00_AfDugU4KSE_zMq88CCXMyhSlscrVus-XykdUO_Ob6FmP_A&oe=65545D47&_nc_sid=bc0c2c,"ã€#é¦™æ¸¯æ•…å®®è³è—ã€‘ å¤ä»£å¨˜å¨˜å€‘çš„å¤šç”¨é€”æŒ‡ç”²å¥— 

ä¸å°‘ç¾ä»£å¥³æ€§éƒ½å–œæ­¡ç¾ç”²ï¼Œç‚ºåæŒ‡æ·»ä¸Šè‰²å½©å’ŒèŠ±æ¨£ï¼ŒåŸä¾†æ¸…ä»£çš„è²´æ—å¥³å­ä¹Ÿæµè¡Œç•™é•·æŒ‡ç”²ï¼Œæ›´æœƒä½©æˆ´ç²¾ç¾çš„æŒ‡ç”²å¥—ï¼é€™æ¬¡ä»‹ç´¹çš„ã€ŒæŒ‡ç”²å¥—ã€ä»¥éŠ€éé‡‘ç‚ºæè³ªï¼Œä¸€çµ„å…©ä»¶å‡æ¡ç”¨ç´¯çµ²å·¥è—è£½æˆï¼Œè™è åœ–æ¡ˆå’Œå£½ç´‹å¼æ¨£ç­‰ç´‹é£¾ç²¾ç´°è¯éº—ï¼Œé‘²åµŒç´…å¯¶çŸ³å’Œçç ï¼›å·¥è—åª²ç¾ç¾ä»£é¦–é£¾ï¼Œç›¡é¡¯ä½©æˆ´è€…çš„è²´æ—èº«ä»½ã€‚ 

å¤ä»£äººä¸€èˆ¬èªç‚ºæ‰‹æŒ‡ç¾æ–¼é•·èˆ‡å°–ç´°ï¼Œè€Œè“„ç”²é™¤äº†æ˜¯ç¾çš„è±¡å¾µï¼Œä¹Ÿæ˜¯éšç´šçš„è­‰æ˜ï¼›ã€ŒåæŒ‡ä¸æ²¾é™½æ˜¥æ°´ã€æ­£ä»£è¡¨ä¸€å€‹äººé¤Šå°Šè™•å„ªï¼Œä¸éœ€å‹å‹•ã€‚æŒ‡ç”²å¥—é™¤äº†é¿å…é•·æŒ‡ç”²å—æå’Œè±¡å¾µèº«ä»½éšç´šï¼Œæˆ´ä¸Šå¾Œæ›´ä»¤æ‰‹æŒ‡é¡¯å¾—çº–ç´°ä¿®é•·ï¼Œæ·±å—ç•¶æ™‚çš„è²´æ—å¥³æ€§æ­¡è¿ã€‚ 

é™¤æŒ‡ç”²å¥—å¤–ï¼Œæœé£¾ã€é«®å‹ç­‰æ‰“æ‰®é€ å‹æ–¹é¢ä¹Ÿåæ˜ äº†å¾Œå®®å¥³å­çš„ç­‰ç´šå·®åˆ¥ï¼›æŒ‰ç…§ä¸åŒç­‰ç´šï¼Œè¡£è‘—ç”¨æ–™åŠæ¬¾å¼éƒ½æœ‰æ‰€ä¸åŒï¼Œå°¤å¦‚å¥¹å€‘çš„èº«ä»½è­‰ã€‚ 

é¦™æ¸¯æ•…å®®æ–‡åŒ–åšç‰©é¤¨å°‡æœƒå±•å‡ºä¸€ç³»åˆ—æ¸…å®®è²´æ—çš„é£¾å“ï¼Œä¸ä½†æœ‰æŒ‡ç”²å¥—ï¼Œé‚„æœ‰è€³ç’°ã€æ‰‹é²ã€é«®é£¾ç­‰ï¼Œä»‹ç´¹å¤ä»£å©¦å¥³çš„æµè¡Œç¾å­¸ï¼ 

ã€#HKPMArtefectsã€‘The significance of nail protectors in Qing fashion 

Nowadays, nail art is a common beauty routine. But did you know that noblewomen in the Qing dynasty also grew their nails long, and even wore nail protector accessories? Made from gilded silver, this pair of 'Fingernail guards' was crafted using a filigree technique, and decorated with a traditional bat pattern and the character for â€˜longevityâ€™, along with inlaid gems and pearls. 

In ancient China, long and slender fingers were considered desirable. Since women with longer nails were usually not required to work, long nails came to indicate oneâ€™s social status as well. Fingernail guards not only prevented damage to the nails, but also made the fingers look slim. The accessory was very popular among noblewomen at the time. 

In addition to fingernail guards, the clothes that women wore inside the Forbidden City really mattered, as did the other accessories they used. The difference in the materials and patterns of these clothes and accessories reflected the womenâ€™s social status, and acted as a kind of proof of identity. 

The Hong Kong Palace Museum exhibits a selection of accessories used by Chinese aristocrats. Stay tuned for more fun facts about Qing dynasty fashion! 

æŒ‡ç”²å¥—ï¼Œæ¸…ï¼ˆ1644 â€“ 1911ï¼‰ï¼Œå±•å»³1 
Fingernail guards, Qing dynasty (1644 - 1911), Gallery 1 

Â© æ•…å®®åšç‰©é™¢ The Palace Museum 

#é¦™æ¸¯æ•…å®®æ–‡åŒ–åšç‰©é¤¨ #é¦™æ¸¯æ•…å®® #éŠå¤ä»Šæ­·ç„¡ç•Œ #HongKongPalaceMuseum #HKPM #TimelessBoundless #VisitHKPM","['é¦™æ¸¯æ•…å®®è³è—', 'hkpmartefects', 'é¦™æ¸¯æ•…å®®æ–‡åŒ–åšç‰©é¤¨', 'é¦™æ¸¯æ•…å®®', 'éŠå¤ä»Šæ­·ç„¡ç•Œ', 'hongkongpalacemuseum', 'hkpm', 'timelessboundless', 'visithkpm']",806,6,,2022-08-01 04:00:41,GraphSidecar
